{
  "filename": "road_20250711_103853_491_000191.jpg",
  "timestamp": "2025-07-11T10:38:53.493858",
  "image_size": {
    "width": 640,
    "height": 480,
    "channels": 3
  },
  "camera_info": {
    "type": "webcam",
    "resolution": [
      640,
      480
    ],
    "fps": 30
  },
  "collection_info": {
    "count": 191,
    "target_count": 3000,
    "elapsed_time": 385.04504680633545
  },
  "gps": null,
  "image_stats": {
    "mean_brightness": 101.94564127604167,
    "std_brightness": 59.2478073114457,
    "min_value": 0,
    "max_value": 255
  }
}