{
  "filename": "road_20250711_103720_850_000145.jpg",
  "timestamp": "2025-07-11T10:37:20.851984",
  "image_size": {
    "width": 640,
    "height": 480,
    "channels": 3
  },
  "camera_info": {
    "type": "webcam",
    "resolution": [
      640,
      480
    ],
    "fps": 30
  },
  "collection_info": {
    "count": 145,
    "target_count": 3000,
    "elapsed_time": 292.4031734466553
  },
  "gps": null,
  "image_stats": {
    "mean_brightness": 112.77772352430556,
    "std_brightness": 60.83536876467773,
    "min_value": 0,
    "max_value": 255
  }
}