{
  "filename": "road_20250711_103857_527_000193.jpg",
  "timestamp": "2025-07-11T10:38:57.529216",
  "image_size": {
    "width": 640,
    "height": 480,
    "channels": 3
  },
  "camera_info": {
    "type": "webcam",
    "resolution": [
      640,
      480
    ],
    "fps": 30
  },
  "collection_info": {
    "count": 193,
    "target_count": 3000,
    "elapsed_time": 389.08040499687195
  },
  "gps": null,
  "image_stats": {
    "mean_brightness": 100.3892795138889,
    "std_brightness": 58.21685536296535,
    "min_value": 0,
    "max_value": 255
  }
}