{
  "filename": "road_20250711_103630_582_000120.jpg",
  "timestamp": "2025-07-11T10:36:30.583029",
  "image_size": {
    "width": 640,
    "height": 480,
    "channels": 3
  },
  "camera_info": {
    "type": "webcam",
    "resolution": [
      640,
      480
    ],
    "fps": 30
  },
  "collection_info": {
    "count": 120,
    "target_count": 3000,
    "elapsed_time": 242.13421821594238
  },
  "gps": null,
  "image_stats": {
    "mean_brightness": 118.03565212673611,
    "std_brightness": 65.11393374717704,
    "min_value": 0,
    "max_value": 255
  }
}