{
  "filename": "road_20250711_103815_217_000172.jpg",
  "timestamp": "2025-07-11T10:38:15.218714",
  "image_size": {
    "width": 640,
    "height": 480,
    "channels": 3
  },
  "camera_info": {
    "type": "webcam",
    "resolution": [
      640,
      480
    ],
    "fps": 30
  },
  "collection_info": {
    "count": 172,
    "target_count": 3000,
    "elapsed_time": 346.769903421402
  },
  "gps": null,
  "image_stats": {
    "mean_brightness": 129.14633680555556,
    "std_brightness": 70.87720591708069,
    "min_value": 0,
    "max_value": 255
  }
}