{
  "filename": "road_20250711_103915_687_000202.jpg",
  "timestamp": "2025-07-11T10:39:15.689398",
  "image_size": {
    "width": 640,
    "height": 480,
    "channels": 3
  },
  "camera_info": {
    "type": "webcam",
    "resolution": [
      640,
      480
    ],
    "fps": 30
  },
  "collection_info": {
    "count": 202,
    "target_count": 3000,
    "elapsed_time": 407.2405869960785
  },
  "gps": null,
  "image_stats": {
    "mean_brightness": 104.60940538194444,
    "std_brightness": 61.200685831622934,
    "min_value": 0,
    "max_value": 255
  }
}