{
  "filename": "road_20250711_103409_530_000050.jpg",
  "timestamp": "2025-07-11T10:34:09.531632",
  "image_size": {
    "width": 640,
    "height": 480,
    "channels": 3
  },
  "camera_info": {
    "type": "webcam",
    "resolution": [
      640,
      480
    ],
    "fps": 30
  },
  "collection_info": {
    "count": 50,
    "target_count": 3000,
    "elapsed_time": 101.08282089233398
  },
  "gps": null,
  "image_stats": {
    "mean_brightness": 118.19658094618056,
    "std_brightness": 71.16098155463253,
    "min_value": 0,
    "max_value": 255
  }
}