{
  "filename": "road_20250711_103817_232_000173.jpg",
  "timestamp": "2025-07-11T10:38:17.233729",
  "image_size": {
    "width": 640,
    "height": 480,
    "channels": 3
  },
  "camera_info": {
    "type": "webcam",
    "resolution": [
      640,
      480
    ],
    "fps": 30
  },
  "collection_info": {
    "count": 173,
    "target_count": 3000,
    "elapsed_time": 348.7849178314209
  },
  "gps": null,
  "image_stats": {
    "mean_brightness": 128.29078016493057,
    "std_brightness": 70.86113502238945,
    "min_value": 0,
    "max_value": 255
  }
}