{
  "filename": "road_20250711_103757_100_000163.jpg",
  "timestamp": "2025-07-11T10:37:57.101393",
  "image_size": {
    "width": 640,
    "height": 480,
    "channels": 3
  },
  "camera_info": {
    "type": "webcam",
    "resolution": [
      640,
      480
    ],
    "fps": 30
  },
  "collection_info": {
    "count": 163,
    "target_count": 3000,
    "elapsed_time": 328.6525824069977
  },
  "gps": null,
  "image_stats": {
    "mean_brightness": 100.90846354166666,
    "std_brightness": 58.36259578521676,
    "min_value": 0,
    "max_value": 255
  }
}