{
  "filename": "road_20250711_103730_918_000150.jpg",
  "timestamp": "2025-07-11T10:37:30.919698",
  "image_size": {
    "width": 640,
    "height": 480,
    "channels": 3
  },
  "camera_info": {
    "type": "webcam",
    "resolution": [
      640,
      480
    ],
    "fps": 30
  },
  "collection_info": {
    "count": 150,
    "target_count": 3000,
    "elapsed_time": 302.47088718414307
  },
  "gps": null,
  "image_stats": {
    "mean_brightness": 110.74940104166667,
    "std_brightness": 60.58857666648978,
    "min_value": 0,
    "max_value": 255
  }
}