{
  "filename": "road_20250711_103632_593_000121.jpg",
  "timestamp": "2025-07-11T10:36:32.594347",
  "image_size": {
    "width": 640,
    "height": 480,
    "channels": 3
  },
  "camera_info": {
    "type": "webcam",
    "resolution": [
      640,
      480
    ],
    "fps": 30
  },
  "collection_info": {
    "count": 121,
    "target_count": 3000,
    "elapsed_time": 244.14553570747375
  },
  "gps": null,
  "image_stats": {
    "mean_brightness": 112.99439019097223,
    "std_brightness": 63.44149391331869,
    "min_value": 0,
    "max_value": 255
  }
}