{
  "filename": "road_20250711_103417_583_000054.jpg",
  "timestamp": "2025-07-11T10:34:17.584283",
  "image_size": {
    "width": 640,
    "height": 480,
    "channels": 3
  },
  "camera_info": {
    "type": "webcam",
    "resolution": [
      640,
      480
    ],
    "fps": 30
  },
  "collection_info": {
    "count": 54,
    "target_count": 3000,
    "elapsed_time": 109.13547158241272
  },
  "gps": null,
  "image_stats": {
    "mean_brightness": 122.49087022569445,
    "std_brightness": 76.49932156038578,
    "min_value": 0,
    "max_value": 255
  }
}