{
  "filename": "road_20250711_103443_759_000067.jpg",
  "timestamp": "2025-07-11T10:34:43.760991",
  "image_size": {
    "width": 640,
    "height": 480,
    "channels": 3
  },
  "camera_info": {
    "type": "webcam",
    "resolution": [
      640,
      480
    ],
    "fps": 30
  },
  "collection_info": {
    "count": 67,
    "target_count": 3000,
    "elapsed_time": 135.31218004226685
  },
  "gps": null,
  "image_stats": {
    "mean_brightness": 109.82083767361111,
    "std_brightness": 68.37951433840361,
    "min_value": 0,
    "max_value": 255
  }
}