{
  "filename": "road_20250711_103726_898_000148.jpg",
  "timestamp": "2025-07-11T10:37:26.899127",
  "image_size": {
    "width": 640,
    "height": 480,
    "channels": 3
  },
  "camera_info": {
    "type": "webcam",
    "resolution": [
      640,
      480
    ],
    "fps": 30
  },
  "collection_info": {
    "count": 148,
    "target_count": 3000,
    "elapsed_time": 298.450315952301
  },
  "gps": null,
  "image_stats": {
    "mean_brightness": 98.94697699652778,
    "std_brightness": 56.69586675838649,
    "min_value": 0,
    "max_value": 255
  }
}