{
  "filename": "road_20250711_103747_026_000158.jpg",
  "timestamp": "2025-07-11T10:37:47.027974",
  "image_size": {
    "width": 640,
    "height": 480,
    "channels": 3
  },
  "camera_info": {
    "type": "webcam",
    "resolution": [
      640,
      480
    ],
    "fps": 30
  },
  "collection_info": {
    "count": 158,
    "target_count": 3000,
    "elapsed_time": 318.57916283607483
  },
  "gps": null,
  "image_stats": {
    "mean_brightness": 99.09748155381945,
    "std_brightness": 59.20418529990497,
    "min_value": 0,
    "max_value": 255
  }
}