{
  "filename": "road_20250711_103435_709_000063.jpg",
  "timestamp": "2025-07-11T10:34:35.710116",
  "image_size": {
    "width": 640,
    "height": 480,
    "channels": 3
  },
  "camera_info": {
    "type": "webcam",
    "resolution": [
      640,
      480
    ],
    "fps": 30
  },
  "collection_info": {
    "count": 63,
    "target_count": 3000,
    "elapsed_time": 127.26130509376526
  },
  "gps": null,
  "image_stats": {
    "mean_brightness": 108.73484157986111,
    "std_brightness": 66.58703761041619,
    "min_value": 0,
    "max_value": 255
  }
}