{
  "filename": "road_20250711_103640_628_000125.jpg",
  "timestamp": "2025-07-11T10:36:40.629765",
  "image_size": {
    "width": 640,
    "height": 480,
    "channels": 3
  },
  "camera_info": {
    "type": "webcam",
    "resolution": [
      640,
      480
    ],
    "fps": 30
  },
  "collection_info": {
    "count": 125,
    "target_count": 3000,
    "elapsed_time": 252.18095421791077
  },
  "gps": null,
  "image_stats": {
    "mean_brightness": 98.63994683159723,
    "std_brightness": 59.266211671355464,
    "min_value": 0,
    "max_value": 255
  }
}