{
  "filename": "road_20250711_103831_315_000180.jpg",
  "timestamp": "2025-07-11T10:38:31.316721",
  "image_size": {
    "width": 640,
    "height": 480,
    "channels": 3
  },
  "camera_info": {
    "type": "webcam",
    "resolution": [
      640,
      480
    ],
    "fps": 30
  },
  "collection_info": {
    "count": 180,
    "target_count": 3000,
    "elapsed_time": 362.86791014671326
  },
  "gps": null,
  "image_stats": {
    "mean_brightness": 115.24343315972222,
    "std_brightness": 63.97875897258205,
    "min_value": 0,
    "max_value": 255
  }
}