{
  "filename": "road_20250711_103411_550_000051.jpg",
  "timestamp": "2025-07-11T10:34:11.553203",
  "image_size": {
    "width": 640,
    "height": 480,
    "channels": 3
  },
  "camera_info": {
    "type": "webcam",
    "resolution": [
      640,
      480
    ],
    "fps": 30
  },
  "collection_info": {
    "count": 51,
    "target_count": 3000,
    "elapsed_time": 103.10539150238037
  },
  "gps": null,
  "image_stats": {
    "mean_brightness": 117.64660481770834,
    "std_brightness": 71.61412201424504,
    "min_value": 0,
    "max_value": 255
  }
}