{
  "filename": "road_20250711_104006_053_000227.jpg",
  "timestamp": "2025-07-11T10:40:06.054736",
  "image_size": {
    "width": 640,
    "height": 480,
    "channels": 3
  },
  "camera_info": {
    "type": "webcam",
    "resolution": [
      640,
      480
    ],
    "fps": 30
  },
  "collection_info": {
    "count": 227,
    "target_count": 3000,
    "elapsed_time": 457.60592460632324
  },
  "gps": null,
  "image_stats": {
    "mean_brightness": 106.3404220920139,
    "std_brightness": 62.8597684858342,
    "min_value": 0,
    "max_value": 255
  }
}