{
  "filename": "road_20250711_103927_788_000208.jpg",
  "timestamp": "2025-07-11T10:39:27.789110",
  "image_size": {
    "width": 640,
    "height": 480,
    "channels": 3
  },
  "camera_info": {
    "type": "webcam",
    "resolution": [
      640,
      480
    ],
    "fps": 30
  },
  "collection_info": {
    "count": 208,
    "target_count": 3000,
    "elapsed_time": 419.3402986526489
  },
  "gps": null,
  "image_stats": {
    "mean_brightness": 106.3625390625,
    "std_brightness": 61.697273460075415,
    "min_value": 0,
    "max_value": 255
  }
}