{
  "filename": "road_20250711_103953_946_000221.jpg",
  "timestamp": "2025-07-11T10:39:53.947888",
  "image_size": {
    "width": 640,
    "height": 480,
    "channels": 3
  },
  "camera_info": {
    "type": "webcam",
    "resolution": [
      640,
      480
    ],
    "fps": 30
  },
  "collection_info": {
    "count": 221,
    "target_count": 3000,
    "elapsed_time": 445.4990768432617
  },
  "gps": null,
  "image_stats": {
    "mean_brightness": 109.3144921875,
    "std_brightness": 63.8305434384949,
    "min_value": 0,
    "max_value": 255
  }
}