{
  "filename": "road_20250711_103544_200_000097.jpg",
  "timestamp": "2025-07-11T10:35:44.202782",
  "image_size": {
    "width": 640,
    "height": 480,
    "channels": 3
  },
  "camera_info": {
    "type": "webcam",
    "resolution": [
      640,
      480
    ],
    "fps": 30
  },
  "collection_info": {
    "count": 97,
    "target_count": 3000,
    "elapsed_time": 195.75397062301636
  },
  "gps": null,
  "image_stats": {
    "mean_brightness": 94.3418088107639,
    "std_brightness": 57.75903644151117,
    "min_value": 0,
    "max_value": 255
  }
}