{
  "filename": "road_20250711_103913_666_000201.jpg",
  "timestamp": "2025-07-11T10:39:13.668450",
  "image_size": {
    "width": 640,
    "height": 480,
    "channels": 3
  },
  "camera_info": {
    "type": "webcam",
    "resolution": [
      640,
      480
    ],
    "fps": 30
  },
  "collection_info": {
    "count": 201,
    "target_count": 3000,
    "elapsed_time": 405.2196388244629
  },
  "gps": null,
  "image_stats": {
    "mean_brightness": 104.47922417534723,
    "std_brightness": 61.08318093970166,
    "min_value": 0,
    "max_value": 255
  }
}