{
  "filename": "road_20250711_103929_797_000209.jpg",
  "timestamp": "2025-07-11T10:39:29.798862",
  "image_size": {
    "width": 640,
    "height": 480,
    "channels": 3
  },
  "camera_info": {
    "type": "webcam",
    "resolution": [
      640,
      480
    ],
    "fps": 30
  },
  "collection_info": {
    "count": 209,
    "target_count": 3000,
    "elapsed_time": 421.35005140304565
  },
  "gps": null,
  "image_stats": {
    "mean_brightness": 107.71000542534722,
    "std_brightness": 61.110708513568675,
    "min_value": 0,
    "max_value": 255
  }
}