{
  "filename": "road_20250711_103957_984_000223.jpg",
  "timestamp": "2025-07-11T10:39:57.985844",
  "image_size": {
    "width": 640,
    "height": 480,
    "channels": 3
  },
  "camera_info": {
    "type": "webcam",
    "resolution": [
      640,
      480
    ],
    "fps": 30
  },
  "collection_info": {
    "count": 223,
    "target_count": 3000,
    "elapsed_time": 449.53703331947327
  },
  "gps": null,
  "image_stats": {
    "mean_brightness": 108.16001953125,
    "std_brightness": 63.86706581308192,
    "min_value": 0,
    "max_value": 255
  }
}