{
  "filename": "road_20250711_103437_730_000064.jpg",
  "timestamp": "2025-07-11T10:34:37.731179",
  "image_size": {
    "width": 640,
    "height": 480,
    "channels": 3
  },
  "camera_info": {
    "type": "webcam",
    "resolution": [
      640,
      480
    ],
    "fps": 30
  },
  "collection_info": {
    "count": 64,
    "target_count": 3000,
    "elapsed_time": 129.2823679447174
  },
  "gps": null,
  "image_stats": {
    "mean_brightness": 106.51817491319444,
    "std_brightness": 66.98239938066257,
    "min_value": 0,
    "max_value": 255
  }
}