{
  "filename": "road_20250711_103917_706_000203.jpg",
  "timestamp": "2025-07-11T10:39:17.708422",
  "image_size": {
    "width": 640,
    "height": 480,
    "channels": 3
  },
  "camera_info": {
    "type": "webcam",
    "resolution": [
      640,
      480
    ],
    "fps": 30
  },
  "collection_info": {
    "count": 203,
    "target_count": 3000,
    "elapsed_time": 409.25961112976074
  },
  "gps": null,
  "image_stats": {
    "mean_brightness": 105.11740885416667,
    "std_brightness": 61.12366447476915,
    "min_value": 0,
    "max_value": 255
  }
}