{
  "filename": "road_20250711_103250_953_000011.jpg",
  "timestamp": "2025-07-11T10:32:50.954330",
  "image_size": {
    "width": 640,
    "height": 480,
    "channels": 3
  },
  "camera_info": {
    "type": "webcam",
    "resolution": [
      640,
      480
    ],
    "fps": 30
  },
  "collection_info": {
    "count": 11,
    "target_count": 3000,
    "elapsed_time": 22.505518674850464
  },
  "gps": null,
  "image_stats": {
    "mean_brightness": 102.09734266493055,
    "std_brightness": 59.82958260183751,
    "min_value": 0,
    "max_value": 255
  }
}