{
  "filename": "road_20250711_103513_942_000082.jpg",
  "timestamp": "2025-07-11T10:35:13.943512",
  "image_size": {
    "width": 640,
    "height": 480,
    "channels": 3
  },
  "camera_info": {
    "type": "webcam",
    "resolution": [
      640,
      480
    ],
    "fps": 30
  },
  "collection_info": {
    "count": 82,
    "target_count": 3000,
    "elapsed_time": 165.49470138549805
  },
  "gps": null,
  "image_stats": {
    "mean_brightness": 109.17627061631944,
    "std_brightness": 67.92608520184747,
    "min_value": 0,
    "max_value": 255
  }
}