{
  "filename": "road_20250711_103509_903_000080.jpg",
  "timestamp": "2025-07-11T10:35:09.905192",
  "image_size": {
    "width": 640,
    "height": 480,
    "channels": 3
  },
  "camera_info": {
    "type": "webcam",
    "resolution": [
      640,
      480
    ],
    "fps": 30
  },
  "collection_info": {
    "count": 80,
    "target_count": 3000,
    "elapsed_time": 161.4563808441162
  },
  "gps": null,
  "image_stats": {
    "mean_brightness": 109.62355794270833,
    "std_brightness": 67.7178709975824,
    "min_value": 0,
    "max_value": 255
  }
}