{
  "filename": "road_20250711_103236_850_000004.jpg",
  "timestamp": "2025-07-11T10:32:36.851337",
  "image_size": {
    "width": 640,
    "height": 480,
    "channels": 3
  },
  "camera_info": {
    "type": "webcam",
    "resolution": [
      640,
      480
    ],
    "fps": 30
  },
  "collection_info": {
    "count": 4,
    "target_count": 3000,
    "elapsed_time": 8.402525901794434
  },
  "gps": null,
  "image_stats": {
    "mean_brightness": 101.73384765625,
    "std_brightness": 59.54978373785294,
    "min_value": 0,
    "max_value": 255
  }
}