{
  "filename": "road_20250711_103327_219_000029.jpg",
  "timestamp": "2025-07-11T10:33:27.220644",
  "image_size": {
    "width": 640,
    "height": 480,
    "channels": 3
  },
  "camera_info": {
    "type": "webcam",
    "resolution": [
      640,
      480
    ],
    "fps": 30
  },
  "collection_info": {
    "count": 29,
    "target_count": 3000,
    "elapsed_time": 58.771833181381226
  },
  "gps": null,
  "image_stats": {
    "mean_brightness": 125.95981336805555,
    "std_brightness": 75.09650534236134,
    "min_value": 0,
    "max_value": 255
  }
}