{
  "filename": "road_20250711_103554_289_000102.jpg",
  "timestamp": "2025-07-11T10:35:54.291506",
  "image_size": {
    "width": 640,
    "height": 480,
    "channels": 3
  },
  "camera_info": {
    "type": "webcam",
    "resolution": [
      640,
      480
    ],
    "fps": 30
  },
  "collection_info": {
    "count": 102,
    "target_count": 3000,
    "elapsed_time": 205.84269523620605
  },
  "gps": null,
  "image_stats": {
    "mean_brightness": 100.21932183159723,
    "std_brightness": 59.39410220988164,
    "min_value": 0,
    "max_value": 255
  }
}