{
  "filename": "road_20250711_103753_066_000161.jpg",
  "timestamp": "2025-07-11T10:37:53.067015",
  "image_size": {
    "width": 640,
    "height": 480,
    "channels": 3
  },
  "camera_info": {
    "type": "webcam",
    "resolution": [
      640,
      480
    ],
    "fps": 30
  },
  "collection_info": {
    "count": 161,
    "target_count": 3000,
    "elapsed_time": 324.6182041168213
  },
  "gps": null,
  "image_stats": {
    "mean_brightness": 97.88873263888888,
    "std_brightness": 59.028212804562706,
    "min_value": 0,
    "max_value": 255
  }
}