{
  "filename": "road_20250711_103921_742_000205.jpg",
  "timestamp": "2025-07-11T10:39:21.744536",
  "image_size": {
    "width": 640,
    "height": 480,
    "channels": 3
  },
  "camera_info": {
    "type": "webcam",
    "resolution": [
      640,
      480
    ],
    "fps": 30
  },
  "collection_info": {
    "count": 205,
    "target_count": 3000,
    "elapsed_time": 413.2957248687744
  },
  "gps": null,
  "image_stats": {
    "mean_brightness": 108.35640299479167,
    "std_brightness": 61.059457896081014,
    "min_value": 0,
    "max_value": 255
  }
}