{
  "filename": "road_20250711_103845_426_000187.jpg",
  "timestamp": "2025-07-11T10:38:45.427767",
  "image_size": {
    "width": 640,
    "height": 480,
    "channels": 3
  },
  "camera_info": {
    "type": "webcam",
    "resolution": [
      640,
      480
    ],
    "fps": 30
  },
  "collection_info": {
    "count": 187,
    "target_count": 3000,
    "elapsed_time": 376.9789559841156
  },
  "gps": null,
  "image_stats": {
    "mean_brightness": 113.72640190972223,
    "std_brightness": 62.6791570483074,
    "min_value": 0,
    "max_value": 255
  }
}