{
  "filename": "road_20250711_103749_037_000159.jpg",
  "timestamp": "2025-07-11T10:37:49.038910",
  "image_size": {
    "width": 640,
    "height": 480,
    "channels": 3
  },
  "camera_info": {
    "type": "webcam",
    "resolution": [
      640,
      480
    ],
    "fps": 30
  },
  "collection_info": {
    "count": 159,
    "target_count": 3000,
    "elapsed_time": 320.5900990962982
  },
  "gps": null,
  "image_stats": {
    "mean_brightness": 99.11674045138889,
    "std_brightness": 59.25242380444645,
    "min_value": 0,
    "max_value": 255
  }
}