{
  "filename": "road_20250711_103825_279_000177.jpg",
  "timestamp": "2025-07-11T10:38:25.280234",
  "image_size": {
    "width": 640,
    "height": 480,
    "channels": 3
  },
  "camera_info": {
    "type": "webcam",
    "resolution": [
      640,
      480
    ],
    "fps": 30
  },
  "collection_info": {
    "count": 177,
    "target_count": 3000,
    "elapsed_time": 356.83142256736755
  },
  "gps": null,
  "image_stats": {
    "mean_brightness": 114.21966796875,
    "std_brightness": 63.923777336117524,
    "min_value": 0,
    "max_value": 255
  }
}