{
  "filename": "road_20250711_103636_609_000123.jpg",
  "timestamp": "2025-07-11T10:36:36.610593",
  "image_size": {
    "width": 640,
    "height": 480,
    "channels": 3
  },
  "camera_info": {
    "type": "webcam",
    "resolution": [
      640,
      480
    ],
    "fps": 30
  },
  "collection_info": {
    "count": 123,
    "target_count": 3000,
    "elapsed_time": 248.1617820262909
  },
  "gps": null,
  "image_stats": {
    "mean_brightness": 112.54793836805555,
    "std_brightness": 63.50432008765084,
    "min_value": 0,
    "max_value": 255
  }
}