{
  "filename": "road_20250711_103536_124_000093.jpg",
  "timestamp": "2025-07-11T10:35:36.126235",
  "image_size": {
    "width": 640,
    "height": 480,
    "channels": 3
  },
  "camera_info": {
    "type": "webcam",
    "resolution": [
      640,
      480
    ],
    "fps": 30
  },
  "collection_info": {
    "count": 93,
    "target_count": 3000,
    "elapsed_time": 187.67742443084717
  },
  "gps": null,
  "image_stats": {
    "mean_brightness": 82.12628472222222,
    "std_brightness": 54.94183256679201,
    "min_value": 0,
    "max_value": 255
  }
}