{
  "filename": "road_20250711_103646_657_000128.jpg",
  "timestamp": "2025-07-11T10:36:46.658914",
  "image_size": {
    "width": 640,
    "height": 480,
    "channels": 3
  },
  "camera_info": {
    "type": "webcam",
    "resolution": [
      640,
      480
    ],
    "fps": 30
  },
  "collection_info": {
    "count": 128,
    "target_count": 3000,
    "elapsed_time": 258.21010303497314
  },
  "gps": null,
  "image_stats": {
    "mean_brightness": 98.0600705295139,
    "std_brightness": 58.83349798795323,
    "min_value": 0,
    "max_value": 255
  }
}