{
  "filename": "road_20250711_103228_768_000000.jpg",
  "timestamp": "2025-07-11T10:32:28.770141",
  "image_size": {
    "width": 640,
    "height": 480,
    "channels": 3
  },
  "camera_info": {
    "type": "webcam",
    "resolution": [
      640,
      480
    ],
    "fps": 30
  },
  "collection_info": {
    "count": 0,
    "target_count": 3000,
    "elapsed_time": 0.32133007049560547
  },
  "gps": null,
  "image_stats": {
    "mean_brightness": 109.98866102430556,
    "std_brightness": 66.92597018778986,
    "min_value": 0,
    "max_value": 255
  }
}