{
  "filename": "road_20250711_103457_841_000074.jpg",
  "timestamp": "2025-07-11T10:34:57.842230",
  "image_size": {
    "width": 640,
    "height": 480,
    "channels": 3
  },
  "camera_info": {
    "type": "webcam",
    "resolution": [
      640,
      480
    ],
    "fps": 30
  },
  "collection_info": {
    "count": 74,
    "target_count": 3000,
    "elapsed_time": 149.39341926574707
  },
  "gps": null,
  "image_stats": {
    "mean_brightness": 110.494658203125,
    "std_brightness": 67.3621284352956,
    "min_value": 0,
    "max_value": 255
  }
}