{
  "filename": "road_20250711_103339_300_000035.jpg",
  "timestamp": "2025-07-11T10:33:39.301161",
  "image_size": {
    "width": 640,
    "height": 480,
    "channels": 3
  },
  "camera_info": {
    "type": "webcam",
    "resolution": [
      640,
      480
    ],
    "fps": 30
  },
  "collection_info": {
    "count": 35,
    "target_count": 3000,
    "elapsed_time": 70.85234999656677
  },
  "gps": null,
  "image_stats": {
    "mean_brightness": 124.14769965277777,
    "std_brightness": 75.47477777517385,
    "min_value": 0,
    "max_value": 255
  }
}