{
  "filename": "road_20250711_103403_476_000047.jpg",
  "timestamp": "2025-07-11T10:34:03.477586",
  "image_size": {
    "width": 640,
    "height": 480,
    "channels": 3
  },
  "camera_info": {
    "type": "webcam",
    "resolution": [
      640,
      480
    ],
    "fps": 30
  },
  "collection_info": {
    "count": 47,
    "target_count": 3000,
    "elapsed_time": 95.02877473831177
  },
  "gps": null,
  "image_stats": {
    "mean_brightness": 122.54073459201389,
    "std_brightness": 75.23467107780874,
    "min_value": 0,
    "max_value": 255
  }
}