{
  "filename": "road_20250711_103503_874_000077.jpg",
  "timestamp": "2025-07-11T10:35:03.877851",
  "image_size": {
    "width": 640,
    "height": 480,
    "channels": 3
  },
  "camera_info": {
    "type": "webcam",
    "resolution": [
      640,
      480
    ],
    "fps": 30
  },
  "collection_info": {
    "count": 77,
    "target_count": 3000,
    "elapsed_time": 155.42903995513916
  },
  "gps": null,
  "image_stats": {
    "mean_brightness": 109.84498480902778,
    "std_brightness": 66.8909719230066,
    "min_value": 0,
    "max_value": 255
  }
}