{
  "filename": "road_20250711_103718_840_000144.jpg",
  "timestamp": "2025-07-11T10:37:18.841992",
  "image_size": {
    "width": 640,
    "height": 480,
    "channels": 3
  },
  "camera_info": {
    "type": "webcam",
    "resolution": [
      640,
      480
    ],
    "fps": 30
  },
  "collection_info": {
    "count": 144,
    "target_count": 3000,
    "elapsed_time": 290.39318084716797
  },
  "gps": null,
  "image_stats": {
    "mean_brightness": 106.49855794270833,
    "std_brightness": 59.89274167821148,
    "min_value": 0,
    "max_value": 255
  }
}