{
  "filename": "road_20250711_103925_769_000207.jpg",
  "timestamp": "2025-07-11T10:39:25.771878",
  "image_size": {
    "width": 640,
    "height": 480,
    "channels": 3
  },
  "camera_info": {
    "type": "webcam",
    "resolution": [
      640,
      480
    ],
    "fps": 30
  },
  "collection_info": {
    "count": 207,
    "target_count": 3000,
    "elapsed_time": 417.3230664730072
  },
  "gps": null,
  "image_stats": {
    "mean_brightness": 108.58093858506945,
    "std_brightness": 62.48415863952952,
    "min_value": 0,
    "max_value": 255
  }
}