{
  "filename": "road_20250711_103337_289_000034.jpg",
  "timestamp": "2025-07-11T10:33:37.290153",
  "image_size": {
    "width": 640,
    "height": 480,
    "channels": 3
  },
  "camera_info": {
    "type": "webcam",
    "resolution": [
      640,
      480
    ],
    "fps": 30
  },
  "collection_info": {
    "count": 34,
    "target_count": 3000,
    "elapsed_time": 68.8413417339325
  },
  "gps": null,
  "image_stats": {
    "mean_brightness": 126.01168402777778,
    "std_brightness": 74.23324764972807,
    "min_value": 0,
    "max_value": 255
  }
}