{
  "filename": "road_20250711_103530_068_000090.jpg",
  "timestamp": "2025-07-11T10:35:30.070089",
  "image_size": {
    "width": 640,
    "height": 480,
    "channels": 3
  },
  "camera_info": {
    "type": "webcam",
    "resolution": [
      640,
      480
    ],
    "fps": 30
  },
  "collection_info": {
    "count": 90,
    "target_count": 3000,
    "elapsed_time": 181.62127804756165
  },
  "gps": null,
  "image_stats": {
    "mean_brightness": 96.55990776909722,
    "std_brightness": 58.11116401588789,
    "min_value": 0,
    "max_value": 255
  }
}