{
  "filename": "road_20250711_103307_070_000019.jpg",
  "timestamp": "2025-07-11T10:33:07.071359",
  "image_size": {
    "width": 640,
    "height": 480,
    "channels": 3
  },
  "camera_info": {
    "type": "webcam",
    "resolution": [
      640,
      480
    ],
    "fps": 30
  },
  "collection_info": {
    "count": 19,
    "target_count": 3000,
    "elapsed_time": 38.62254762649536
  },
  "gps": null,
  "image_stats": {
    "mean_brightness": 102.87093207465277,
    "std_brightness": 67.61667642747152,
    "min_value": 0,
    "max_value": 255
  }
}