{
  "filename": "road_20250711_103755_081_000162.jpg",
  "timestamp": "2025-07-11T10:37:55.082963",
  "image_size": {
    "width": 640,
    "height": 480,
    "channels": 3
  },
  "camera_info": {
    "type": "webcam",
    "resolution": [
      640,
      480
    ],
    "fps": 30
  },
  "collection_info": {
    "count": 162,
    "target_count": 3000,
    "elapsed_time": 326.63415145874023
  },
  "gps": null,
  "image_stats": {
    "mean_brightness": 98.93744900173611,
    "std_brightness": 58.96169718689476,
    "min_value": 0,
    "max_value": 255
  }
}