{
  "filename": "road_20250711_103841_394_000185.jpg",
  "timestamp": "2025-07-11T10:38:41.395978",
  "image_size": {
    "width": 640,
    "height": 480,
    "channels": 3
  },
  "camera_info": {
    "type": "webcam",
    "resolution": [
      640,
      480
    ],
    "fps": 30
  },
  "collection_info": {
    "count": 185,
    "target_count": 3000,
    "elapsed_time": 372.9471666812897
  },
  "gps": null,
  "image_stats": {
    "mean_brightness": 117.3534375,
    "std_brightness": 62.30812388433532,
    "min_value": 0,
    "max_value": 255
  }
}