{
  "filename": "road_20250711_103309_089_000020.jpg",
  "timestamp": "2025-07-11T10:33:09.090719",
  "image_size": {
    "width": 640,
    "height": 480,
    "channels": 3
  },
  "camera_info": {
    "type": "webcam",
    "resolution": [
      640,
      480
    ],
    "fps": 30
  },
  "collection_info": {
    "count": 20,
    "target_count": 3000,
    "elapsed_time": 40.641908168792725
  },
  "gps": null,
  "image_stats": {
    "mean_brightness": 106.30610677083334,
    "std_brightness": 66.3595133314158,
    "min_value": 0,
    "max_value": 255
  }
}