{
  "filename": "road_20250711_103429_684_000060.jpg",
  "timestamp": "2025-07-11T10:34:29.685423",
  "image_size": {
    "width": 640,
    "height": 480,
    "channels": 3
  },
  "camera_info": {
    "type": "webcam",
    "resolution": [
      640,
      480
    ],
    "fps": 30
  },
  "collection_info": {
    "count": 60,
    "target_count": 3000,
    "elapsed_time": 121.23661231994629
  },
  "gps": null,
  "image_stats": {
    "mean_brightness": 108.606943359375,
    "std_brightness": 66.90225153610696,
    "min_value": 0,
    "max_value": 255
  }
}