{
  "filename": "road_20250711_103248_935_000010.jpg",
  "timestamp": "2025-07-11T10:32:48.936108",
  "image_size": {
    "width": 640,
    "height": 480,
    "channels": 3
  },
  "camera_info": {
    "type": "webcam",
    "resolution": [
      640,
      480
    ],
    "fps": 30
  },
  "collection_info": {
    "count": 10,
    "target_count": 3000,
    "elapsed_time": 20.48729681968689
  },
  "gps": null,
  "image_stats": {
    "mean_brightness": 101.77982964409722,
    "std_brightness": 59.566595027022835,
    "min_value": 0,
    "max_value": 255
  }
}