{
  "filename": "road_20250711_103656_711_000133.jpg",
  "timestamp": "2025-07-11T10:36:56.712878",
  "image_size": {
    "width": 640,
    "height": 480,
    "channels": 3
  },
  "camera_info": {
    "type": "webcam",
    "resolution": [
      640,
      480
    ],
    "fps": 30
  },
  "collection_info": {
    "count": 133,
    "target_count": 3000,
    "elapsed_time": 268.2640664577484
  },
  "gps": null,
  "image_stats": {
    "mean_brightness": 102.32494900173612,
    "std_brightness": 61.65303764041452,
    "min_value": 0,
    "max_value": 255
  }
}