{
  "filename": "road_20250711_103945_893_000217.jpg",
  "timestamp": "2025-07-11T10:39:45.894280",
  "image_size": {
    "width": 640,
    "height": 480,
    "channels": 3
  },
  "camera_info": {
    "type": "webcam",
    "resolution": [
      640,
      480
    ],
    "fps": 30
  },
  "collection_info": {
    "count": 217,
    "target_count": 3000,
    "elapsed_time": 437.4454686641693
  },
  "gps": null,
  "image_stats": {
    "mean_brightness": 110.07768120659722,
    "std_brightness": 64.26067391446269,
    "min_value": 0,
    "max_value": 255
  }
}