{
  "filename": "road_20250711_103515_954_000083.jpg",
  "timestamp": "2025-07-11T10:35:15.955853",
  "image_size": {
    "width": 640,
    "height": 480,
    "channels": 3
  },
  "camera_info": {
    "type": "webcam",
    "resolution": [
      640,
      480
    ],
    "fps": 30
  },
  "collection_info": {
    "count": 83,
    "target_count": 3000,
    "elapsed_time": 167.5070424079895
  },
  "gps": null,
  "image_stats": {
    "mean_brightness": 108.93745551215278,
    "std_brightness": 67.76324391899259,
    "min_value": 0,
    "max_value": 255
  }
}