{
  "filename": "road_20250711_103833_323_000181.jpg",
  "timestamp": "2025-07-11T10:38:33.324108",
  "image_size": {
    "width": 640,
    "height": 480,
    "channels": 3
  },
  "camera_info": {
    "type": "webcam",
    "resolution": [
      640,
      480
    ],
    "fps": 30
  },
  "collection_info": {
    "count": 181,
    "target_count": 3000,
    "elapsed_time": 364.87529730796814
  },
  "gps": null,
  "image_stats": {
    "mean_brightness": 116.48741536458333,
    "std_brightness": 63.470041479517505,
    "min_value": 0,
    "max_value": 255
  }
}