{
  "filename": "road_20250711_103654_699_000132.jpg",
  "timestamp": "2025-07-11T10:36:54.702906",
  "image_size": {
    "width": 640,
    "height": 480,
    "channels": 3
  },
  "camera_info": {
    "type": "webcam",
    "resolution": [
      640,
      480
    ],
    "fps": 30
  },
  "collection_info": {
    "count": 132,
    "target_count": 3000,
    "elapsed_time": 266.2540953159332
  },
  "gps": null,
  "image_stats": {
    "mean_brightness": 96.3880881076389,
    "std_brightness": 59.49236734744505,
    "min_value": 0,
    "max_value": 255
  }
}