{
  "filename": "road_20250711_103700_730_000135.jpg",
  "timestamp": "2025-07-11T10:37:00.732823",
  "image_size": {
    "width": 640,
    "height": 480,
    "channels": 3
  },
  "camera_info": {
    "type": "webcam",
    "resolution": [
      640,
      480
    ],
    "fps": 30
  },
  "collection_info": {
    "count": 135,
    "target_count": 3000,
    "elapsed_time": 272.28401231765747
  },
  "gps": null,
  "image_stats": {
    "mean_brightness": 95.83936306423611,
    "std_brightness": 60.822361451929034,
    "min_value": 0,
    "max_value": 255
  }
}