{
  "filename": "road_20250711_103819_245_000174.jpg",
  "timestamp": "2025-07-11T10:38:19.246558",
  "image_size": {
    "width": 640,
    "height": 480,
    "channels": 3
  },
  "camera_info": {
    "type": "webcam",
    "resolution": [
      640,
      480
    ],
    "fps": 30
  },
  "collection_info": {
    "count": 174,
    "target_count": 3000,
    "elapsed_time": 350.79774713516235
  },
  "gps": null,
  "image_stats": {
    "mean_brightness": 131.5161935763889,
    "std_brightness": 70.39385363269395,
    "min_value": 0,
    "max_value": 255
  }
}