{
  "filename": "road_20250711_103319_145_000025.jpg",
  "timestamp": "2025-07-11T10:33:19.149998",
  "image_size": {
    "width": 640,
    "height": 480,
    "channels": 3
  },
  "camera_info": {
    "type": "webcam",
    "resolution": [
      640,
      480
    ],
    "fps": 30
  },
  "collection_info": {
    "count": 25,
    "target_count": 3000,
    "elapsed_time": 50.70118713378906
  },
  "gps": null,
  "image_stats": {
    "mean_brightness": 121.18256184895833,
    "std_brightness": 75.10558920832251,
    "min_value": 0,
    "max_value": 255
  }
}