{
  "filename": "road_20250711_103455_832_000073.jpg",
  "timestamp": "2025-07-11T10:34:55.833833",
  "image_size": {
    "width": 640,
    "height": 480,
    "channels": 3
  },
  "camera_info": {
    "type": "webcam",
    "resolution": [
      640,
      480
    ],
    "fps": 30
  },
  "collection_info": {
    "count": 73,
    "target_count": 3000,
    "elapsed_time": 147.3850221633911
  },
  "gps": null,
  "image_stats": {
    "mean_brightness": 112.57673285590278,
    "std_brightness": 67.08464279327102,
    "min_value": 0,
    "max_value": 255
  }
}