{
  "filename": "road_20250711_103743_005_000156.jpg",
  "timestamp": "2025-07-11T10:37:43.006929",
  "image_size": {
    "width": 640,
    "height": 480,
    "channels": 3
  },
  "camera_info": {
    "type": "webcam",
    "resolution": [
      640,
      480
    ],
    "fps": 30
  },
  "collection_info": {
    "count": 156,
    "target_count": 3000,
    "elapsed_time": 314.55811762809753
  },
  "gps": null,
  "image_stats": {
    "mean_brightness": 98.54606119791667,
    "std_brightness": 59.41045818704413,
    "min_value": 0,
    "max_value": 255
  }
}