{
  "filename": "road_20250711_103644_649_000127.jpg",
  "timestamp": "2025-07-11T10:36:44.650807",
  "image_size": {
    "width": 640,
    "height": 480,
    "channels": 3
  },
  "camera_info": {
    "type": "webcam",
    "resolution": [
      640,
      480
    ],
    "fps": 30
  },
  "collection_info": {
    "count": 127,
    "target_count": 3000,
    "elapsed_time": 256.20199608802795
  },
  "gps": null,
  "image_stats": {
    "mean_brightness": 98.97261393229167,
    "std_brightness": 59.19954489046069,
    "min_value": 0,
    "max_value": 255
  }
}