{
  "filename": "road_20250711_103345_334_000038.jpg",
  "timestamp": "2025-07-11T10:33:45.335781",
  "image_size": {
    "width": 640,
    "height": 480,
    "channels": 3
  },
  "camera_info": {
    "type": "webcam",
    "resolution": [
      640,
      480
    ],
    "fps": 30
  },
  "collection_info": {
    "count": 38,
    "target_count": 3000,
    "elapsed_time": 76.88697028160095
  },
  "gps": null,
  "image_stats": {
    "mean_brightness": 123.63357638888888,
    "std_brightness": 75.32018568301613,
    "min_value": 0,
    "max_value": 255
  }
}