{
  "filename": "road_20250711_103357_427_000044.jpg",
  "timestamp": "2025-07-11T10:33:57.428081",
  "image_size": {
    "width": 640,
    "height": 480,
    "channels": 3
  },
  "camera_info": {
    "type": "webcam",
    "resolution": [
      640,
      480
    ],
    "fps": 30
  },
  "collection_info": {
    "count": 44,
    "target_count": 3000,
    "elapsed_time": 88.97926950454712
  },
  "gps": null,
  "image_stats": {
    "mean_brightness": 123.35616970486112,
    "std_brightness": 75.37180061271685,
    "min_value": 0,
    "max_value": 255
  }
}