{
  "filename": "road_20250711_103425_653_000058.jpg",
  "timestamp": "2025-07-11T10:34:25.654850",
  "image_size": {
    "width": 640,
    "height": 480,
    "channels": 3
  },
  "camera_info": {
    "type": "webcam",
    "resolution": [
      640,
      480
    ],
    "fps": 30
  },
  "collection_info": {
    "count": 58,
    "target_count": 3000,
    "elapsed_time": 117.20603847503662
  },
  "gps": null,
  "image_stats": {
    "mean_brightness": 131.664638671875,
    "std_brightness": 74.57739706073315,
    "min_value": 0,
    "max_value": 255
  }
}