{
  "filename": "road_20250711_103634_601_000122.jpg",
  "timestamp": "2025-07-11T10:36:34.602817",
  "image_size": {
    "width": 640,
    "height": 480,
    "channels": 3
  },
  "camera_info": {
    "type": "webcam",
    "resolution": [
      640,
      480
    ],
    "fps": 30
  },
  "collection_info": {
    "count": 122,
    "target_count": 3000,
    "elapsed_time": 246.15400576591492
  },
  "gps": null,
  "image_stats": {
    "mean_brightness": 114.12449869791666,
    "std_brightness": 64.37799753057281,
    "min_value": 0,
    "max_value": 255
  }
}