{
  "filename": "road_20250711_103431_693_000061.jpg",
  "timestamp": "2025-07-11T10:34:31.694544",
  "image_size": {
    "width": 640,
    "height": 480,
    "channels": 3
  },
  "camera_info": {
    "type": "webcam",
    "resolution": [
      640,
      480
    ],
    "fps": 30
  },
  "collection_info": {
    "count": 61,
    "target_count": 3000,
    "elapsed_time": 123.24573278427124
  },
  "gps": null,
  "image_stats": {
    "mean_brightness": 108.22260308159723,
    "std_brightness": 65.74536152968065,
    "min_value": 0,
    "max_value": 255
  }
}