{
  "filename": "road_20250711_103803_143_000166.jpg",
  "timestamp": "2025-07-11T10:38:03.143988",
  "image_size": {
    "width": 640,
    "height": 480,
    "channels": 3
  },
  "camera_info": {
    "type": "webcam",
    "resolution": [
      640,
      480
    ],
    "fps": 30
  },
  "collection_info": {
    "count": 166,
    "target_count": 3000,
    "elapsed_time": 334.69517755508423
  },
  "gps": null,
  "image_stats": {
    "mean_brightness": 104.32359700520833,
    "std_brightness": 63.812554545798534,
    "min_value": 0,
    "max_value": 255
  }
}