{
  "filename": "road_20250711_103505_888_000078.jpg",
  "timestamp": "2025-07-11T10:35:05.889092",
  "image_size": {
    "width": 640,
    "height": 480,
    "channels": 3
  },
  "camera_info": {
    "type": "webcam",
    "resolution": [
      640,
      480
    ],
    "fps": 30
  },
  "collection_info": {
    "count": 78,
    "target_count": 3000,
    "elapsed_time": 157.4402813911438
  },
  "gps": null,
  "image_stats": {
    "mean_brightness": 110.331416015625,
    "std_brightness": 67.0414467737429,
    "min_value": 0,
    "max_value": 255
  }
}