{
  "filename": "road_20250711_103556_310_000103.jpg",
  "timestamp": "2025-07-11T10:35:56.312078",
  "image_size": {
    "width": 640,
    "height": 480,
    "channels": 3
  },
  "camera_info": {
    "type": "webcam",
    "resolution": [
      640,
      480
    ],
    "fps": 30
  },
  "collection_info": {
    "count": 103,
    "target_count": 3000,
    "elapsed_time": 207.8632664680481
  },
  "gps": null,
  "image_stats": {
    "mean_brightness": 98.47975477430556,
    "std_brightness": 58.75229341586498,
    "min_value": 0,
    "max_value": 255
  }
}