{
  "filename": "road_20250711_103949_924_000219.jpg",
  "timestamp": "2025-07-11T10:39:49.925676",
  "image_size": {
    "width": 640,
    "height": 480,
    "channels": 3
  },
  "camera_info": {
    "type": "webcam",
    "resolution": [
      640,
      480
    ],
    "fps": 30
  },
  "collection_info": {
    "count": 219,
    "target_count": 3000,
    "elapsed_time": 441.4768648147583
  },
  "gps": null,
  "image_stats": {
    "mean_brightness": 107.55465603298612,
    "std_brightness": 64.74733869243416,
    "min_value": 0,
    "max_value": 255
  }
}