{
  "filename": "road_20250711_103550_259_000100.jpg",
  "timestamp": "2025-07-11T10:35:50.261364",
  "image_size": {
    "width": 640,
    "height": 480,
    "channels": 3
  },
  "camera_info": {
    "type": "webcam",
    "resolution": [
      640,
      480
    ],
    "fps": 30
  },
  "collection_info": {
    "count": 100,
    "target_count": 3000,
    "elapsed_time": 201.81255292892456
  },
  "gps": null,
  "image_stats": {
    "mean_brightness": 93.18009223090277,
    "std_brightness": 60.259962225960045,
    "min_value": 0,
    "max_value": 255
  }
}