{
  "filename": "road_20250711_103704_750_000137.jpg",
  "timestamp": "2025-07-11T10:37:04.751799",
  "image_size": {
    "width": 640,
    "height": 480,
    "channels": 3
  },
  "camera_info": {
    "type": "webcam",
    "resolution": [
      640,
      480
    ],
    "fps": 30
  },
  "collection_info": {
    "count": 137,
    "target_count": 3000,
    "elapsed_time": 276.3029878139496
  },
  "gps": null,
  "image_stats": {
    "mean_brightness": 94.20244791666667,
    "std_brightness": 59.44258005365166,
    "min_value": 0,
    "max_value": 255
  }
}