{
  "filename": "road_20250711_103351_372_000041.jpg",
  "timestamp": "2025-07-11T10:33:51.373427",
  "image_size": {
    "width": 640,
    "height": 480,
    "channels": 3
  },
  "camera_info": {
    "type": "webcam",
    "resolution": [
      640,
      480
    ],
    "fps": 30
  },
  "collection_info": {
    "count": 41,
    "target_count": 3000,
    "elapsed_time": 82.92461609840393
  },
  "gps": null,
  "image_stats": {
    "mean_brightness": 124.35693033854167,
    "std_brightness": 75.12977591467072,
    "min_value": 0,
    "max_value": 255
  }
}