{
  "filename": "road_20250711_103232_807_000002.jpg",
  "timestamp": "2025-07-11T10:32:32.811073",
  "image_size": {
    "width": 640,
    "height": 480,
    "channels": 3
  },
  "camera_info": {
    "type": "webcam",
    "resolution": [
      640,
      480
    ],
    "fps": 30
  },
  "collection_info": {
    "count": 2,
    "target_count": 3000,
    "elapsed_time": 4.36226224899292
  },
  "gps": null,
  "image_stats": {
    "mean_brightness": 100.704052734375,
    "std_brightness": 58.86723157774134,
    "min_value": 0,
    "max_value": 255
  }
}