{
  "filename": "road_20250711_103955_966_000222.jpg",
  "timestamp": "2025-07-11T10:39:55.967671",
  "image_size": {
    "width": 640,
    "height": 480,
    "channels": 3
  },
  "camera_info": {
    "type": "webcam",
    "resolution": [
      640,
      480
    ],
    "fps": 30
  },
  "collection_info": {
    "count": 222,
    "target_count": 3000,
    "elapsed_time": 447.51885986328125
  },
  "gps": null,
  "image_stats": {
    "mean_brightness": 108.85407118055555,
    "std_brightness": 63.802226278113096,
    "min_value": 0,
    "max_value": 255
  }
}