{
  "filename": "road_20250711_103724_876_000147.jpg",
  "timestamp": "2025-07-11T10:37:24.880840",
  "image_size": {
    "width": 640,
    "height": 480,
    "channels": 3
  },
  "camera_info": {
    "type": "webcam",
    "resolution": [
      640,
      480
    ],
    "fps": 30
  },
  "collection_info": {
    "count": 147,
    "target_count": 3000,
    "elapsed_time": 296.4320287704468
  },
  "gps": null,
  "image_stats": {
    "mean_brightness": 100.88196506076389,
    "std_brightness": 56.3817377779587,
    "min_value": 0,
    "max_value": 255
  }
}