{
  "filename": "road_20250711_103947_906_000218.jpg",
  "timestamp": "2025-07-11T10:39:47.907044",
  "image_size": {
    "width": 640,
    "height": 480,
    "channels": 3
  },
  "camera_info": {
    "type": "webcam",
    "resolution": [
      640,
      480
    ],
    "fps": 30
  },
  "collection_info": {
    "count": 218,
    "target_count": 3000,
    "elapsed_time": 439.4582326412201
  },
  "gps": null,
  "image_stats": {
    "mean_brightness": 107.53592664930555,
    "std_brightness": 64.32717756188245,
    "min_value": 0,
    "max_value": 255
  }
}