{
  "filename": "road_20250711_103710_802_000140.jpg",
  "timestamp": "2025-07-11T10:37:10.803992",
  "image_size": {
    "width": 640,
    "height": 480,
    "channels": 3
  },
  "camera_info": {
    "type": "webcam",
    "resolution": [
      640,
      480
    ],
    "fps": 30
  },
  "collection_info": {
    "count": 140,
    "target_count": 3000,
    "elapsed_time": 282.35518050193787
  },
  "gps": null,
  "image_stats": {
    "mean_brightness": 97.17477864583333,
    "std_brightness": 59.280898579272005,
    "min_value": 0,
    "max_value": 255
  }
}