{
  "filename": "road_20250711_103616_489_000113.jpg",
  "timestamp": "2025-07-11T10:36:16.491439",
  "image_size": {
    "width": 640,
    "height": 480,
    "channels": 3
  },
  "camera_info": {
    "type": "webcam",
    "resolution": [
      640,
      480
    ],
    "fps": 30
  },
  "collection_info": {
    "count": 113,
    "target_count": 3000,
    "elapsed_time": 228.04262781143188
  },
  "gps": null,
  "image_stats": {
    "mean_brightness": 99.404609375,
    "std_brightness": 58.83169853226372,
    "min_value": 0,
    "max_value": 255
  }
}