{
  "filename": "road_20250711_103552_275_000101.jpg",
  "timestamp": "2025-07-11T10:35:52.277167",
  "image_size": {
    "width": 640,
    "height": 480,
    "channels": 3
  },
  "camera_info": {
    "type": "webcam",
    "resolution": [
      640,
      480
    ],
    "fps": 30
  },
  "collection_info": {
    "count": 101,
    "target_count": 3000,
    "elapsed_time": 203.82835578918457
  },
  "gps": null,
  "image_stats": {
    "mean_brightness": 99.24224717881944,
    "std_brightness": 60.69092832126613,
    "min_value": 0,
    "max_value": 255
  }
}