{
  "filename": "road_20250711_103459_847_000075.jpg",
  "timestamp": "2025-07-11T10:34:59.849038",
  "image_size": {
    "width": 640,
    "height": 480,
    "channels": 3
  },
  "camera_info": {
    "type": "webcam",
    "resolution": [
      640,
      480
    ],
    "fps": 30
  },
  "collection_info": {
    "count": 75,
    "target_count": 3000,
    "elapsed_time": 151.40022659301758
  },
  "gps": null,
  "image_stats": {
    "mean_brightness": 109.5940115017361,
    "std_brightness": 66.62539250286227,
    "min_value": 0,
    "max_value": 255
  }
}