{
  "filename": "road_20250711_103313_106_000022.jpg",
  "timestamp": "2025-07-11T10:33:13.107416",
  "image_size": {
    "width": 640,
    "height": 480,
    "channels": 3
  },
  "camera_info": {
    "type": "webcam",
    "resolution": [
      640,
      480
    ],
    "fps": 30
  },
  "collection_info": {
    "count": 22,
    "target_count": 3000,
    "elapsed_time": 44.658605337142944
  },
  "gps": null,
  "image_stats": {
    "mean_brightness": 97.24283094618056,
    "std_brightness": 68.25787113378681,
    "min_value": 0,
    "max_value": 255
  }
}