{
  "filename": "road_20250711_103933_825_000211.jpg",
  "timestamp": "2025-07-11T10:39:33.826859",
  "image_size": {
    "width": 640,
    "height": 480,
    "channels": 3
  },
  "camera_info": {
    "type": "webcam",
    "resolution": [
      640,
      480
    ],
    "fps": 30
  },
  "collection_info": {
    "count": 211,
    "target_count": 3000,
    "elapsed_time": 425.37804794311523
  },
  "gps": null,
  "image_stats": {
    "mean_brightness": 105.236708984375,
    "std_brightness": 61.44908956523804,
    "min_value": 0,
    "max_value": 255
  }
}