{
  "filename": "road_20250711_103959_999_000224.jpg",
  "timestamp": "2025-07-11T10:40:00.000054",
  "image_size": {
    "width": 640,
    "height": 480,
    "channels": 3
  },
  "camera_info": {
    "type": "webcam",
    "resolution": [
      640,
      480
    ],
    "fps": 30
  },
  "collection_info": {
    "count": 224,
    "target_count": 3000,
    "elapsed_time": 451.5512433052063
  },
  "gps": null,
  "image_stats": {
    "mean_brightness": 106.98989908854166,
    "std_brightness": 63.309105348785344,
    "min_value": 0,
    "max_value": 255
  }
}