{
  "filename": "road_20250711_103839_372_000184.jpg",
  "timestamp": "2025-07-11T10:38:39.373736",
  "image_size": {
    "width": 640,
    "height": 480,
    "channels": 3
  },
  "camera_info": {
    "type": "webcam",
    "resolution": [
      640,
      480
    ],
    "fps": 30
  },
  "collection_info": {
    "count": 184,
    "target_count": 3000,
    "elapsed_time": 370.9249246120453
  },
  "gps": null,
  "image_stats": {
    "mean_brightness": 117.70368272569445,
    "std_brightness": 62.211696610885724,
    "min_value": 0,
    "max_value": 255
  }
}