{
  "filename": "road_20250711_103648_667_000129.jpg",
  "timestamp": "2025-07-11T10:36:48.668949",
  "image_size": {
    "width": 640,
    "height": 480,
    "channels": 3
  },
  "camera_info": {
    "type": "webcam",
    "resolution": [
      640,
      480
    ],
    "fps": 30
  },
  "collection_info": {
    "count": 129,
    "target_count": 3000,
    "elapsed_time": 260.22013783454895
  },
  "gps": null,
  "image_stats": {
    "mean_brightness": 97.62493706597222,
    "std_brightness": 58.771452629671906,
    "min_value": 0,
    "max_value": 255
  }
}