{
  "filename": "road_20250711_103602_358_000106.jpg",
  "timestamp": "2025-07-11T10:36:02.360179",
  "image_size": {
    "width": 640,
    "height": 480,
    "channels": 3
  },
  "camera_info": {
    "type": "webcam",
    "resolution": [
      640,
      480
    ],
    "fps": 30
  },
  "collection_info": {
    "count": 106,
    "target_count": 3000,
    "elapsed_time": 213.911367893219
  },
  "gps": null,
  "image_stats": {
    "mean_brightness": 97.18625542534723,
    "std_brightness": 58.47666835464584,
    "min_value": 0,
    "max_value": 255
  }
}