{
  "filename": "road_20250711_103849_458_000189.jpg",
  "timestamp": "2025-07-11T10:38:49.460972",
  "image_size": {
    "width": 640,
    "height": 480,
    "channels": 3
  },
  "camera_info": {
    "type": "webcam",
    "resolution": [
      640,
      480
    ],
    "fps": 30
  },
  "collection_info": {
    "count": 189,
    "target_count": 3000,
    "elapsed_time": 381.01216077804565
  },
  "gps": null,
  "image_stats": {
    "mean_brightness": 114.185419921875,
    "std_brightness": 62.65868081914888,
    "min_value": 0,
    "max_value": 255
  }
}