{
  "filename": "road_20250711_103618_511_000114.jpg",
  "timestamp": "2025-07-11T10:36:18.513223",
  "image_size": {
    "width": 640,
    "height": 480,
    "channels": 3
  },
  "camera_info": {
    "type": "webcam",
    "resolution": [
      640,
      480
    ],
    "fps": 30
  },
  "collection_info": {
    "count": 114,
    "target_count": 3000,
    "elapsed_time": 230.0644121170044
  },
  "gps": null,
  "image_stats": {
    "mean_brightness": 97.81813693576389,
    "std_brightness": 57.798554191096116,
    "min_value": 0,
    "max_value": 255
  }
}