{
  "filename": "road_20250711_103341_309_000036.jpg",
  "timestamp": "2025-07-11T10:33:41.313393",
  "image_size": {
    "width": 640,
    "height": 480,
    "channels": 3
  },
  "camera_info": {
    "type": "webcam",
    "resolution": [
      640,
      480
    ],
    "fps": 30
  },
  "collection_info": {
    "count": 36,
    "target_count": 3000,
    "elapsed_time": 72.86458134651184
  },
  "gps": null,
  "image_stats": {
    "mean_brightness": 123.94756510416667,
    "std_brightness": 75.08119092144446,
    "min_value": 0,
    "max_value": 255
  }
}