{
  "filename": "road_20250711_103722_863_000146.jpg",
  "timestamp": "2025-07-11T10:37:22.864116",
  "image_size": {
    "width": 640,
    "height": 480,
    "channels": 3
  },
  "camera_info": {
    "type": "webcam",
    "resolution": [
      640,
      480
    ],
    "fps": 30
  },
  "collection_info": {
    "count": 146,
    "target_count": 3000,
    "elapsed_time": 294.4153048992157
  },
  "gps": null,
  "image_stats": {
    "mean_brightness": 102.45407877604167,
    "std_brightness": 62.43407250776122,
    "min_value": 0,
    "max_value": 255
  }
}