{
  "filename": "road_20250711_104004_036_000226.jpg",
  "timestamp": "2025-07-11T10:40:04.037674",
  "image_size": {
    "width": 640,
    "height": 480,
    "channels": 3
  },
  "camera_info": {
    "type": "webcam",
    "resolution": [
      640,
      480
    ],
    "fps": 30
  },
  "collection_info": {
    "count": 226,
    "target_count": 3000,
    "elapsed_time": 455.5888628959656
  },
  "gps": null,
  "image_stats": {
    "mean_brightness": 105.87840928819445,
    "std_brightness": 62.34269975086562,
    "min_value": 0,
    "max_value": 255
  }
}