{
  "filename": "road_20250711_103712_811_000141.jpg",
  "timestamp": "2025-07-11T10:37:12.812212",
  "image_size": {
    "width": 640,
    "height": 480,
    "channels": 3
  },
  "camera_info": {
    "type": "webcam",
    "resolution": [
      640,
      480
    ],
    "fps": 30
  },
  "collection_info": {
    "count": 141,
    "target_count": 3000,
    "elapsed_time": 284.3634009361267
  },
  "gps": null,
  "image_stats": {
    "mean_brightness": 99.27066840277777,
    "std_brightness": 59.14954724371583,
    "min_value": 0,
    "max_value": 255
  }
}