{
  "filename": "road_20250711_103433_699_000062.jpg",
  "timestamp": "2025-07-11T10:34:33.700998",
  "image_size": {
    "width": 640,
    "height": 480,
    "channels": 3
  },
  "camera_info": {
    "type": "webcam",
    "resolution": [
      640,
      480
    ],
    "fps": 30
  },
  "collection_info": {
    "count": 62,
    "target_count": 3000,
    "elapsed_time": 125.25218677520752
  },
  "gps": null,
  "image_stats": {
    "mean_brightness": 109.18026258680555,
    "std_brightness": 66.23848608490337,
    "min_value": 0,
    "max_value": 255
  }
}