{
  "filename": "road_20250711_103355_403_000043.jpg",
  "timestamp": "2025-07-11T10:33:55.405714",
  "image_size": {
    "width": 640,
    "height": 480,
    "channels": 3
  },
  "camera_info": {
    "type": "webcam",
    "resolution": [
      640,
      480
    ],
    "fps": 30
  },
  "collection_info": {
    "count": 43,
    "target_count": 3000,
    "elapsed_time": 86.95690298080444
  },
  "gps": null,
  "image_stats": {
    "mean_brightness": 123.40617404513888,
    "std_brightness": 75.41058008695667,
    "min_value": 0,
    "max_value": 255
  }
}