{
  "filename": "road_20250711_103809_179_000169.jpg",
  "timestamp": "2025-07-11T10:38:09.180855",
  "image_size": {
    "width": 640,
    "height": 480,
    "channels": 3
  },
  "camera_info": {
    "type": "webcam",
    "resolution": [
      640,
      480
    ],
    "fps": 30
  },
  "collection_info": {
    "count": 169,
    "target_count": 3000,
    "elapsed_time": 340.7320439815521
  },
  "gps": null,
  "image_stats": {
    "mean_brightness": 115.70161892361111,
    "std_brightness": 64.64113282863065,
    "min_value": 0,
    "max_value": 255
  }
}