{
  "filename": "road_20250711_103628_573_000119.jpg",
  "timestamp": "2025-07-11T10:36:28.574399",
  "image_size": {
    "width": 640,
    "height": 480,
    "channels": 3
  },
  "camera_info": {
    "type": "webcam",
    "resolution": [
      640,
      480
    ],
    "fps": 30
  },
  "collection_info": {
    "count": 119,
    "target_count": 3000,
    "elapsed_time": 240.12558794021606
  },
  "gps": null,
  "image_stats": {
    "mean_brightness": 115.56023546006945,
    "std_brightness": 65.0210509961521,
    "min_value": 0,
    "max_value": 255
  }
}