{
  "filename": "road_20250711_103259_015_000015.jpg",
  "timestamp": "2025-07-11T10:32:59.020225",
  "image_size": {
    "width": 640,
    "height": 480,
    "channels": 3
  },
  "camera_info": {
    "type": "webcam",
    "resolution": [
      640,
      480
    ],
    "fps": 30
  },
  "collection_info": {
    "count": 15,
    "target_count": 3000,
    "elapsed_time": 30.57141399383545
  },
  "gps": null,
  "image_stats": {
    "mean_brightness": 102.37891493055555,
    "std_brightness": 63.23533730422313,
    "min_value": 0,
    "max_value": 255
  }
}