{
  "filename": "road_20250711_103439_741_000065.jpg",
  "timestamp": "2025-07-11T10:34:39.742821",
  "image_size": {
    "width": 640,
    "height": 480,
    "channels": 3
  },
  "camera_info": {
    "type": "webcam",
    "resolution": [
      640,
      480
    ],
    "fps": 30
  },
  "collection_info": {
    "count": 65,
    "target_count": 3000,
    "elapsed_time": 131.29401016235352
  },
  "gps": null,
  "image_stats": {
    "mean_brightness": 108.59124674479166,
    "std_brightness": 67.19399559029962,
    "min_value": 0,
    "max_value": 255
  }
}