{
  "filename": "road_20250711_103813_208_000171.jpg",
  "timestamp": "2025-07-11T10:38:13.209536",
  "image_size": {
    "width": 640,
    "height": 480,
    "channels": 3
  },
  "camera_info": {
    "type": "webcam",
    "resolution": [
      640,
      480
    ],
    "fps": 30
  },
  "collection_info": {
    "count": 171,
    "target_count": 3000,
    "elapsed_time": 344.76072454452515
  },
  "gps": null,
  "image_stats": {
    "mean_brightness": 112.6730859375,
    "std_brightness": 66.11410794318277,
    "min_value": 0,
    "max_value": 255
  }
}