{
  "filename": "road_20250711_103335_280_000033.jpg",
  "timestamp": "2025-07-11T10:33:35.281635",
  "image_size": {
    "width": 640,
    "height": 480,
    "channels": 3
  },
  "camera_info": {
    "type": "webcam",
    "resolution": [
      640,
      480
    ],
    "fps": 30
  },
  "collection_info": {
    "count": 33,
    "target_count": 3000,
    "elapsed_time": 66.83282351493835
  },
  "gps": null,
  "image_stats": {
    "mean_brightness": 126.88637044270833,
    "std_brightness": 74.74738454929955,
    "min_value": 0,
    "max_value": 255
  }
}