{
  "filename": "road_20250711_103716_833_000143.jpg",
  "timestamp": "2025-07-11T10:37:16.834949",
  "image_size": {
    "width": 640,
    "height": 480,
    "channels": 3
  },
  "camera_info": {
    "type": "webcam",
    "resolution": [
      640,
      480
    ],
    "fps": 30
  },
  "collection_info": {
    "count": 143,
    "target_count": 3000,
    "elapsed_time": 288.3861382007599
  },
  "gps": null,
  "image_stats": {
    "mean_brightness": 104.01766384548611,
    "std_brightness": 59.28385040724289,
    "min_value": 0,
    "max_value": 255
  }
}