{
  "filename": "road_20250711_103903_579_000196.jpg",
  "timestamp": "2025-07-11T10:39:03.581525",
  "image_size": {
    "width": 640,
    "height": 480,
    "channels": 3
  },
  "camera_info": {
    "type": "webcam",
    "resolution": [
      640,
      480
    ],
    "fps": 30
  },
  "collection_info": {
    "count": 196,
    "target_count": 3000,
    "elapsed_time": 395.1327142715454
  },
  "gps": null,
  "image_stats": {
    "mean_brightness": 106.67749131944444,
    "std_brightness": 59.49221157920585,
    "min_value": 0,
    "max_value": 255
  }
}