{
  "filename": "road_20250711_103511_922_000081.jpg",
  "timestamp": "2025-07-11T10:35:11.924747",
  "image_size": {
    "width": 640,
    "height": 480,
    "channels": 3
  },
  "camera_info": {
    "type": "webcam",
    "resolution": [
      640,
      480
    ],
    "fps": 30
  },
  "collection_info": {
    "count": 81,
    "target_count": 3000,
    "elapsed_time": 163.47593545913696
  },
  "gps": null,
  "image_stats": {
    "mean_brightness": 109.79874565972223,
    "std_brightness": 67.85103268839384,
    "min_value": 0,
    "max_value": 255
  }
}