{
  "filename": "road_20250711_103445_768_000068.jpg",
  "timestamp": "2025-07-11T10:34:45.769214",
  "image_size": {
    "width": 640,
    "height": 480,
    "channels": 3
  },
  "camera_info": {
    "type": "webcam",
    "resolution": [
      640,
      480
    ],
    "fps": 30
  },
  "collection_info": {
    "count": 68,
    "target_count": 3000,
    "elapsed_time": 137.32040309906006
  },
  "gps": null,
  "image_stats": {
    "mean_brightness": 108.05078342013888,
    "std_brightness": 67.58026196231361,
    "min_value": 0,
    "max_value": 255
  }
}