{
  "filename": "road_20250711_103542_180_000096.jpg",
  "timestamp": "2025-07-11T10:35:42.182995",
  "image_size": {
    "width": 640,
    "height": 480,
    "channels": 3
  },
  "camera_info": {
    "type": "webcam",
    "resolution": [
      640,
      480
    ],
    "fps": 30
  },
  "collection_info": {
    "count": 96,
    "target_count": 3000,
    "elapsed_time": 193.73418426513672
  },
  "gps": null,
  "image_stats": {
    "mean_brightness": 94.20140082465278,
    "std_brightness": 57.721049072822694,
    "min_value": 0,
    "max_value": 255
  }
}