{
  "filename": "road_20250711_103521_982_000086.jpg",
  "timestamp": "2025-07-11T10:35:21.983536",
  "image_size": {
    "width": 640,
    "height": 480,
    "channels": 3
  },
  "camera_info": {
    "type": "webcam",
    "resolution": [
      640,
      480
    ],
    "fps": 30
  },
  "collection_info": {
    "count": 86,
    "target_count": 3000,
    "elapsed_time": 173.5347249507904
  },
  "gps": null,
  "image_stats": {
    "mean_brightness": 109.81057508680556,
    "std_brightness": 62.712872130654894,
    "min_value": 0,
    "max_value": 255
  }
}