{
  "filename": "road_20250711_103805_150_000167.jpg",
  "timestamp": "2025-07-11T10:38:05.151498",
  "image_size": {
    "width": 640,
    "height": 480,
    "channels": 3
  },
  "camera_info": {
    "type": "webcam",
    "resolution": [
      640,
      480
    ],
    "fps": 30
  },
  "collection_info": {
    "count": 167,
    "target_count": 3000,
    "elapsed_time": 336.70268726348877
  },
  "gps": null,
  "image_stats": {
    "mean_brightness": 106.33973307291667,
    "std_brightness": 62.64654671898658,
    "min_value": 0,
    "max_value": 255
  }
}