{
  "filename": "road_20250711_103738_979_000154.jpg",
  "timestamp": "2025-07-11T10:37:38.980808",
  "image_size": {
    "width": 640,
    "height": 480,
    "channels": 3
  },
  "camera_info": {
    "type": "webcam",
    "resolution": [
      640,
      480
    ],
    "fps": 30
  },
  "collection_info": {
    "count": 154,
    "target_count": 3000,
    "elapsed_time": 310.53199648857117
  },
  "gps": null,
  "image_stats": {
    "mean_brightness": 101.31196397569444,
    "std_brightness": 59.626694144538504,
    "min_value": 0,
    "max_value": 255
  }
}