{
  "filename": "road_20250711_103740_990_000155.jpg",
  "timestamp": "2025-07-11T10:37:40.992956",
  "image_size": {
    "width": 640,
    "height": 480,
    "channels": 3
  },
  "camera_info": {
    "type": "webcam",
    "resolution": [
      640,
      480
    ],
    "fps": 30
  },
  "collection_info": {
    "count": 155,
    "target_count": 3000,
    "elapsed_time": 312.54414463043213
  },
  "gps": null,
  "image_stats": {
    "mean_brightness": 98.32893337673612,
    "std_brightness": 59.198295431177186,
    "min_value": 0,
    "max_value": 255
  }
}