{
  "filename": "road_20250711_103449_788_000070.jpg",
  "timestamp": "2025-07-11T10:34:49.789277",
  "image_size": {
    "width": 640,
    "height": 480,
    "channels": 3
  },
  "camera_info": {
    "type": "webcam",
    "resolution": [
      640,
      480
    ],
    "fps": 30
  },
  "collection_info": {
    "count": 70,
    "target_count": 3000,
    "elapsed_time": 141.34046602249146
  },
  "gps": null,
  "image_stats": {
    "mean_brightness": 107.62629774305556,
    "std_brightness": 67.60231035143934,
    "min_value": 0,
    "max_value": 255
  }
}