{
  "filename": "road_20250711_103323_186_000027.jpg",
  "timestamp": "2025-07-11T10:33:23.188331",
  "image_size": {
    "width": 640,
    "height": 480,
    "channels": 3
  },
  "camera_info": {
    "type": "webcam",
    "resolution": [
      640,
      480
    ],
    "fps": 30
  },
  "collection_info": {
    "count": 27,
    "target_count": 3000,
    "elapsed_time": 54.73952007293701
  },
  "gps": null,
  "image_stats": {
    "mean_brightness": 125.23614691840278,
    "std_brightness": 75.19061223324137,
    "min_value": 0,
    "max_value": 255
  }
}