{
  "filename": "road_20250711_103626_555_000118.jpg",
  "timestamp": "2025-07-11T10:36:26.556440",
  "image_size": {
    "width": 640,
    "height": 480,
    "channels": 3
  },
  "camera_info": {
    "type": "webcam",
    "resolution": [
      640,
      480
    ],
    "fps": 30
  },
  "collection_info": {
    "count": 118,
    "target_count": 3000,
    "elapsed_time": 238.10762906074524
  },
  "gps": null,
  "image_stats": {
    "mean_brightness": 117.74509331597223,
    "std_brightness": 65.6257875846587,
    "min_value": 0,
    "max_value": 255
  }
}