{
  "filename": "road_20250711_103745_017_000157.jpg",
  "timestamp": "2025-07-11T10:37:45.018719",
  "image_size": {
    "width": 640,
    "height": 480,
    "channels": 3
  },
  "camera_info": {
    "type": "webcam",
    "resolution": [
      640,
      480
    ],
    "fps": 30
  },
  "collection_info": {
    "count": 157,
    "target_count": 3000,
    "elapsed_time": 316.5699076652527
  },
  "gps": null,
  "image_stats": {
    "mean_brightness": 100.105712890625,
    "std_brightness": 59.44588425868446,
    "min_value": 0,
    "max_value": 255
  }
}