{
  "filename": "road_20250711_103642_642_000126.jpg",
  "timestamp": "2025-07-11T10:36:42.643096",
  "image_size": {
    "width": 640,
    "height": 480,
    "channels": 3
  },
  "camera_info": {
    "type": "webcam",
    "resolution": [
      640,
      480
    ],
    "fps": 30
  },
  "collection_info": {
    "count": 126,
    "target_count": 3000,
    "elapsed_time": 254.1942846775055
  },
  "gps": null,
  "image_stats": {
    "mean_brightness": 98.02340928819444,
    "std_brightness": 59.086247108819926,
    "min_value": 0,
    "max_value": 255
  }
}