{
  "filename": "road_20250711_103811_192_000170.jpg",
  "timestamp": "2025-07-11T10:38:11.193167",
  "image_size": {
    "width": 640,
    "height": 480,
    "channels": 3
  },
  "camera_info": {
    "type": "webcam",
    "resolution": [
      640,
      480
    ],
    "fps": 30
  },
  "collection_info": {
    "count": 170,
    "target_count": 3000,
    "elapsed_time": 342.74435567855835
  },
  "gps": null,
  "image_stats": {
    "mean_brightness": 112.66685004340277,
    "std_brightness": 66.0989884451813,
    "min_value": 0,
    "max_value": 255
  }
}