{
  "filename": "road_20250711_103652_691_000131.jpg",
  "timestamp": "2025-07-11T10:36:52.692633",
  "image_size": {
    "width": 640,
    "height": 480,
    "channels": 3
  },
  "camera_info": {
    "type": "webcam",
    "resolution": [
      640,
      480
    ],
    "fps": 30
  },
  "collection_info": {
    "count": 131,
    "target_count": 3000,
    "elapsed_time": 264.2438220977783
  },
  "gps": null,
  "image_stats": {
    "mean_brightness": 98.56545572916667,
    "std_brightness": 59.197386881103036,
    "min_value": 0,
    "max_value": 255
  }
}