{
  "filename": "road_20250711_103526_022_000088.jpg",
  "timestamp": "2025-07-11T10:35:26.024494",
  "image_size": {
    "width": 640,
    "height": 480,
    "channels": 3
  },
  "camera_info": {
    "type": "webcam",
    "resolution": [
      640,
      480
    ],
    "fps": 30
  },
  "collection_info": {
    "count": 88,
    "target_count": 3000,
    "elapsed_time": 177.57568287849426
  },
  "gps": null,
  "image_stats": {
    "mean_brightness": 101.00648111979167,
    "std_brightness": 59.781166491348,
    "min_value": 0,
    "max_value": 255
  }
}