{
  "filename": "road_20250711_103859_536_000194.jpg",
  "timestamp": "2025-07-11T10:38:59.538665",
  "image_size": {
    "width": 640,
    "height": 480,
    "channels": 3
  },
  "camera_info": {
    "type": "webcam",
    "resolution": [
      640,
      480
    ],
    "fps": 30
  },
  "collection_info": {
    "count": 194,
    "target_count": 3000,
    "elapsed_time": 391.08985447883606
  },
  "gps": null,
  "image_stats": {
    "mean_brightness": 104.06341796875,
    "std_brightness": 59.70143928522336,
    "min_value": 0,
    "max_value": 255
  }
}