{
  "filename": "road_20250711_103624_542_000117.jpg",
  "timestamp": "2025-07-11T10:36:24.543286",
  "image_size": {
    "width": 640,
    "height": 480,
    "channels": 3
  },
  "camera_info": {
    "type": "webcam",
    "resolution": [
      640,
      480
    ],
    "fps": 30
  },
  "collection_info": {
    "count": 117,
    "target_count": 3000,
    "elapsed_time": 236.09447526931763
  },
  "gps": null,
  "image_stats": {
    "mean_brightness": 97.94269314236111,
    "std_brightness": 58.19921409675239,
    "min_value": 0,
    "max_value": 255
  }
}