{
  "filename": "road_20250711_103242_895_000007.jpg",
  "timestamp": "2025-07-11T10:32:42.896102",
  "image_size": {
    "width": 640,
    "height": 480,
    "channels": 3
  },
  "camera_info": {
    "type": "webcam",
    "resolution": [
      640,
      480
    ],
    "fps": 30
  },
  "collection_info": {
    "count": 7,
    "target_count": 3000,
    "elapsed_time": 14.447290897369385
  },
  "gps": null,
  "image_stats": {
    "mean_brightness": 100.42096896701389,
    "std_brightness": 59.68963773962936,
    "min_value": 0,
    "max_value": 255
  }
}