{
  "filename": "road_20250711_103519_970_000085.jpg",
  "timestamp": "2025-07-11T10:35:19.971477",
  "image_size": {
    "width": 640,
    "height": 480,
    "channels": 3
  },
  "camera_info": {
    "type": "webcam",
    "resolution": [
      640,
      480
    ],
    "fps": 30
  },
  "collection_info": {
    "count": 85,
    "target_count": 3000,
    "elapsed_time": 171.5226662158966
  },
  "gps": null,
  "image_stats": {
    "mean_brightness": 120.54850043402777,
    "std_brightness": 65.09384636641065,
    "min_value": 0,
    "max_value": 255
  }
}