{
  "filename": "road_20250711_103441_750_000066.jpg",
  "timestamp": "2025-07-11T10:34:41.751921",
  "image_size": {
    "width": 640,
    "height": 480,
    "channels": 3
  },
  "camera_info": {
    "type": "webcam",
    "resolution": [
      640,
      480
    ],
    "fps": 30
  },
  "collection_info": {
    "count": 66,
    "target_count": 3000,
    "elapsed_time": 133.30311036109924
  },
  "gps": null,
  "image_stats": {
    "mean_brightness": 108.6444140625,
    "std_brightness": 67.67721414393041,
    "min_value": 0,
    "max_value": 255
  }
}