{
  "filename": "road_20250711_103714_823_000142.jpg",
  "timestamp": "2025-07-11T10:37:14.824051",
  "image_size": {
    "width": 640,
    "height": 480,
    "channels": 3
  },
  "camera_info": {
    "type": "webcam",
    "resolution": [
      640,
      480
    ],
    "fps": 30
  },
  "collection_info": {
    "count": 142,
    "target_count": 3000,
    "elapsed_time": 286.37524008750916
  },
  "gps": null,
  "image_stats": {
    "mean_brightness": 101.79949544270833,
    "std_brightness": 58.85950560929028,
    "min_value": 0,
    "max_value": 255
  }
}