{
  "filename": "road_20250711_103937_849_000213.jpg",
  "timestamp": "2025-07-11T10:39:37.853670",
  "image_size": {
    "width": 640,
    "height": 480,
    "channels": 3
  },
  "camera_info": {
    "type": "webcam",
    "resolution": [
      640,
      480
    ],
    "fps": 30
  },
  "collection_info": {
    "count": 213,
    "target_count": 3000,
    "elapsed_time": 429.4048593044281
  },
  "gps": null,
  "image_stats": {
    "mean_brightness": 85.40509223090278,
    "std_brightness": 56.068813695774544,
    "min_value": 0,
    "max_value": 255
  }
}