{
  "filename": "road_20250711_103331_254_000031.jpg",
  "timestamp": "2025-07-11T10:33:31.255646",
  "image_size": {
    "width": 640,
    "height": 480,
    "channels": 3
  },
  "camera_info": {
    "type": "webcam",
    "resolution": [
      640,
      480
    ],
    "fps": 30
  },
  "collection_info": {
    "count": 31,
    "target_count": 3000,
    "elapsed_time": 62.80683517456055
  },
  "gps": null,
  "image_stats": {
    "mean_brightness": 125.88060221354166,
    "std_brightness": 75.20080084643135,
    "min_value": 0,
    "max_value": 255
  }
}