{
  "filename": "road_20250711_103851_473_000190.jpg",
  "timestamp": "2025-07-11T10:38:51.475626",
  "image_size": {
    "width": 640,
    "height": 480,
    "channels": 3
  },
  "camera_info": {
    "type": "webcam",
    "resolution": [
      640,
      480
    ],
    "fps": 30
  },
  "collection_info": {
    "count": 190,
    "target_count": 3000,
    "elapsed_time": 383.02681517601013
  },
  "gps": null,
  "image_stats": {
    "mean_brightness": 111.75254014756945,
    "std_brightness": 62.011849134736195,
    "min_value": 0,
    "max_value": 255
  }
}